"Name","PA","AB","H","X2B","X3B","HR","R","RBI","BB","SO","HBP","SB","CS","AVG","OBP","SLG","OPS","wOBA","BsR","Fld","WAR","pos"
"Miguel Cabrera",657,565,184,36,1,36,101,113,83,98,4,2,1,0.325,0.412,0.585,0.996,0.428,-2.6,-2.4,6.3,"CO"
"Mike Trout",665,566,173,30,8,28,106,89,82,125,8,29,11,0.307,0.399,0.534,0.934,0.408,2.8,3.7,8.6,"OF"
"Giancarlo Stanton",571,491,136,31,1,36,83,98,69,135,5,7,3,0.277,0.37,0.563,0.933,0.404,-2.2,1.8,5.5,"OF"
"Joey Votto",616,501,146,33,2,22,83,76,105,117,4,5,3,0.292,0.415,0.495,0.911,0.397,-2,5.2,5.4,"CO"
"Paul Goldschmidt",649,561,165,38,2,30,90,94,79,133,4,14,6,0.294,0.381,0.528,0.909,0.395,-0.2,6.3,5.7,"CO"
"Jose Bautista",585,485,125,23,1,35,90,89,89,97,4,6,3,0.258,0.376,0.526,0.901,0.394,-0.4,-1.6,4.7,"OF"
"Troy Tulowitzki",599,526,159,31,4,26,85,91,63,89,5,3,2,0.302,0.379,0.522,0.9,0.393,-1,3.7,6,"MI"
"Carlos Gonzalez",609,542,159,30,6,30,92,96,58,140,3,21,8,0.294,0.363,0.54,0.904,0.392,1.8,0.8,4.6,"OF"
"Freddie Freeman",634,550,161,31,2,27,82,87,72,113,6,2,1,0.293,0.378,0.504,0.882,0.387,-1.7,1.2,4.8,"CO"
"Andrew McCutchen",655,562,165,34,6,22,87,84,81,112,6,19,9,0.294,0.386,0.491,0.877,0.384,1,-1.6,6.5,"OF"
"Jose Dariel Abreu",553,478,128,22,4,31,78,86,53,110,13,7,4,0.269,0.355,0.525,0.881,0.383,-0.8,0,3.5,NA
"Prince Fielder",637,543,153,31,1,28,88,95,80,96,9,1,1,0.282,0.381,0.495,0.876,0.382,-4.2,-4.9,2.9,"CO"
"David Ortiz",565,489,141,31,1,24,77,85,69,85,2,2,1,0.288,0.375,0.506,0.882,0.379,-4.8,0,2.5,"UT"
"Buster Posey",608,537,160,32,1,21,77,82,61,84,5,2,1,0.298,0.373,0.482,0.854,0.375,-2.6,4.8,7.1,"CA"
"Chris Davis",621,552,148,30,1,35,86,97,56,178,7,3,2,0.269,0.34,0.517,0.857,0.373,-0.7,0.7,3.5,"CO"
"Evan Longoria",643,558,150,34,2,29,87,95,74,134,5,2,1,0.269,0.357,0.493,0.85,0.371,-0.6,12.8,7,"CO"
"Shin-Soo Choo",659,547,153,31,2,17,97,67,87,128,15,16,8,0.279,0.389,0.437,0.827,0.37,-0.8,-5.2,3.3,"OF"
"Ryan Braun",541,482,137,27,3,23,73,74,50,102,5,17,7,0.284,0.354,0.495,0.849,0.37,1.2,-2.8,3.5,"OF"
"Michael Cuddyer",630,572,170,36,3,24,82,92,48,115,3,8,4,0.297,0.351,0.493,0.844,0.37,-1,-7.2,2.4,"OF"
"Robinson Cano",648,577,173,41,1,20,84,86,58,88,7,4,2,0.3,0.368,0.479,0.847,0.368,-1.2,2.6,5.4,"MI"
"Jayson Werth",492,425,120,23,1,16,63,58,56,102,6,8,3,0.283,0.372,0.455,0.827,0.367,-0.4,-3.8,2.9,"OF"
"Yasiel Puig",660,588,167,30,3,28,90,83,52,132,11,20,14,0.285,0.351,0.486,0.837,0.367,-2.7,3.9,4.9,"OF"
"David Wright",614,533,151,29,4,21,78,76,68,106,6,12,6,0.283,0.367,0.467,0.834,0.366,-0.4,0.1,5.3,"CO"
"Edwin Encarnacion",646,562,146,30,3,31,87,93,73,94,6,8,4,0.26,0.348,0.486,0.835,0.366,-0.8,-2.2,3,"CO"
"Adrian Beltre",636,579,169,33,1,26,85,97,46,77,5,1,1,0.292,0.347,0.488,0.835,0.365,-1.7,7.2,5.1,"CO"
"Matt Holliday",613,535,150,32,1,21,77,79,65,107,8,4,2,0.281,0.365,0.462,0.826,0.365,-1,-4.1,3.7,"OF"
"Anthony Rizzo",646,567,150,32,2,29,81,87,65,111,9,7,4,0.264,0.346,0.48,0.825,0.363,-2.1,9.3,4.1,"CO"
"Billy Butler",648,566,164,33,1,19,82,86,71,98,4,1,1,0.29,0.371,0.455,0.826,0.363,-4.4,-0.3,2.2,"UT"
"Justin Morneau",498,447,127,27,1,19,62,69,42,81,5,1,0,0.285,0.349,0.474,0.824,0.362,-2.1,0.6,1.7,"CO"
"Brandon Belt",549,485,134,28,3,20,66,70,54,124,5,6,3,0.276,0.351,0.471,0.822,0.362,-0.9,5.2,3.8,"CO"
"Joe Mauer",659,567,169,35,1,13,85,68,82,105,3,3,2,0.298,0.387,0.431,0.818,0.362,-0.9,1.7,3.5,"CA"
"Mike Napoli",482,413,102,22,1,23,62,70,59,144,5,2,1,0.248,0.345,0.474,0.819,0.362,-1.1,2.8,2.4,"CO"
"Albert Pujols",617,551,151,34,0,28,83,90,54,78,6,4,2,0.274,0.344,0.489,0.833,0.36,-2.5,4.1,3.6,"CO"
"Adrian Gonzalez",651,584,166,34,1,25,82,88,57,109,4,3,1,0.284,0.349,0.475,0.824,0.359,-3.7,9.5,4.4,"CO"
"Wilin Rosario",500,464,130,25,1,25,62,76,27,103,2,4,3,0.281,0.32,0.501,0.821,0.359,-0.4,-2.4,3.5,"CA"
"Carlos Santana",620,514,131,32,1,19,75,73,96,102,4,3,2,0.254,0.373,0.432,0.805,0.359,-2.6,-9.7,3.4,"CA"
"Ryan Zimmerman",577,515,144,27,2,22,71,75,53,115,3,4,2,0.28,0.347,0.468,0.815,0.358,-0.1,-0.4,4.3,"CO"
"Jason Heyward",556,479,124,25,2,22,72,66,63,105,6,11,5,0.258,0.35,0.457,0.807,0.358,1,10.3,4.6,"OF"
"Mark Trumbo",572,522,136,25,2,33,73,94,42,137,3,4,3,0.26,0.316,0.508,0.824,0.358,-0.6,-2.7,2.7,"CO"
"Hanley Ramirez",571,511,141,29,2,22,71,75,51,95,4,15,8,0.276,0.344,0.468,0.812,0.357,-0.2,-8,4.1,"MI"
"Bryce Harper",587,514,136,26,4,22,77,71,62,118,4,14,9,0.265,0.346,0.461,0.807,0.357,-1,4.3,3.8,"OF"
"Matt Kemp",507,453,123,24,1,22,64,71,45,125,4,11,5,0.271,0.34,0.477,0.816,0.356,-0.1,-9.3,3,"OF"
"Aramis Ramirez",534,482,136,28,1,19,61,75,39,77,8,2,1,0.281,0.342,0.462,0.804,0.355,-4.2,-5.1,2.8,"CO"
"Ike Davis",173,149,37,8,0,8,20,24,22,40,1,1,1,0.248,0.344,0.46,0.804,0.355,-0.3,1.1,1,"CO"
"Justin Upton",546,474,126,23,2,20,69,65,60,127,6,10,4,0.265,0.353,0.448,0.801,0.355,1.1,-1.1,3.2,"OF"
"Matt Carpenter",601,520,147,32,4,11,78,53,67,95,6,5,3,0.283,0.369,0.423,0.791,0.355,0.1,-1.6,4.4,"MI"
"Eric Hosmer",645,578,165,33,2,19,81,80,56,85,3,11,7,0.286,0.351,0.452,0.802,0.354,-0.7,0.2,2.7,"CO"
"Carlos Beltran",573,514,141,27,2,23,74,79,49,99,3,4,2,0.275,0.339,0.472,0.811,0.354,-1.9,-2.9,2.3,"OF"
"Derek Dietrich",44,37,10,2,0,1,6,4,4,10,2,0,0,0.275,0.366,0.419,0.785,0.353,0,-0.2,0.3,"MI"
"Adam Lind",584,522,138,29,1,25,74,83,55,117,2,1,1,0.265,0.335,0.467,0.802,0.352,-2.2,-0.1,2.1,"CO"
"Chase Utley",548,482,130,25,4,18,64,64,51,75,10,7,3,0.27,0.349,0.448,0.796,0.352,0.5,4.5,4.4,"MI"
"Jay Bruce",558,491,122,25,1,29,69,82,58,139,3,5,3,0.249,0.33,0.48,0.81,0.352,-0.9,3.6,3.2,"OF"
"Dustin Pedroia",623,556,163,35,2,12,79,69,57,63,4,13,7,0.293,0.36,0.428,0.788,0.35,-1.5,9,4.6,"MI"
"Matt Joyce",490,420,106,25,1,17,62,61,58,96,5,6,5,0.253,0.347,0.442,0.789,0.35,-0.6,-0.8,1.8,"OF"
"Torii Hunter",622,569,162,29,3,20,81,80,39,119,7,4,2,0.284,0.335,0.454,0.789,0.349,-1.2,0.2,2.7,"OF"
"Adam LaRoche",491,427,108,21,2,20,60,69,58,107,2,2,1,0.252,0.341,0.451,0.792,0.349,-2.6,2.4,2.2,"CO"
"Pablo Sandoval",623,559,154,33,2,21,74,80,55,88,4,1,1,0.275,0.342,0.453,0.794,0.349,-1.9,-0.9,4.4,"CO"
"Josh Hamilton",604,546,146,28,3,25,76,84,49,148,4,5,2,0.268,0.33,0.467,0.797,0.349,0.9,0.3,3.3,"OF"
"Allen Craig",588,534,151,30,2,18,67,76,42,102,6,2,1,0.282,0.338,0.447,0.785,0.348,-2.2,-2.4,2.7,"CO"
"Domonic Brown",602,542,148,27,3,22,67,77,50,102,3,9,5,0.273,0.335,0.456,0.792,0.348,-0.7,-7,2.2,"OF"
"Charlie Blackmon",388,356,105,22,3,8,46,44,23,58,4,11,6,0.295,0.342,0.441,0.782,0.346,0.1,-4.5,1.4,"OF"
"Austin Jackson",643,571,161,31,8,12,87,57,59,139,4,14,6,0.281,0.35,0.426,0.776,0.346,1,1,4,"OF"
"Jim Adduci",22,20,6,1,0,0,3,4,2,4,0,1,0,0.315,0.366,0.406,0.771,0.345,0,0,0.1,"OF"
"Nelson Cruz",486,438,110,23,1,24,61,68,40,110,3,5,2,0.251,0.315,0.469,0.784,0.345,-1.7,-0.5,1,"OF"
"Adam Jones",602,559,154,29,3,24,75,86,29,115,8,9,5,0.275,0.317,0.468,0.785,0.345,0.8,-7.1,2.8,"OF"
"Alex Gordon",662,586,161,35,4,17,87,73,60,126,6,10,5,0.274,0.344,0.433,0.778,0.345,0.6,8,3.8,"OF"
"Brian McCann",518,459,118,19,1,22,63,71,51,82,3,2,1,0.258,0.334,0.45,0.784,0.344,-2.7,-0.5,3.5,"CA"
"Mark Teixeira",388,338,82,16,1,17,47,53,42,73,4,2,1,0.243,0.331,0.444,0.776,0.344,-1.4,5.1,1.7,"CO"
"Corey Dickerson",166,152,42,8,3,5,23,20,11,29,1,5,3,0.275,0.324,0.458,0.782,0.344,-0.1,-0.3,0.7,"OF"
"Carlos Quentin",473,413,101,23,1,18,55,60,43,79,13,1,1,0.245,0.333,0.437,0.77,0.344,-1.1,-8.7,1.4,"OF"
"Jonathan Lucroy",453,409,113,22,3,13,49,51,35,61,3,6,3,0.276,0.336,0.437,0.773,0.343,-1.5,0.1,3.3,"CA"
"Salvador Perez",480,445,130,27,2,12,54,60,27,53,3,2,1,0.293,0.335,0.444,0.778,0.343,-1.2,7.5,4.2,"CA"
"Chris Colabello",407,367,98,22,1,14,47,57,30,98,5,2,1,0.266,0.328,0.445,0.773,0.342,-0.6,0.1,1.4,"CO"
"Ben Zobrist",653,562,148,33,3,14,82,69,79,96,4,9,4,0.263,0.356,0.408,0.764,0.342,-0.1,6,4.9,"MI"
"Khris Davis",485,435,112,27,1,18,59,59,38,108,6,8,5,0.258,0.325,0.447,0.772,0.342,-0.6,-2.6,1.8,"OF"
"Brandon Moss",582,518,128,27,2,26,69,81,52,149,6,4,3,0.247,0.32,0.455,0.775,0.342,-1.7,-1.7,1.8,"CO"
"Josh Rutledge",127,116,33,7,1,3,16,14,7,22,2,3,2,0.287,0.332,0.44,0.772,0.342,0,-0.4,0.5,"MI"
"Mark Reynolds",398,339,75,14,0,20,45,52,50,124,4,4,2,0.222,0.325,0.443,0.768,0.342,-0.8,-3.2,1,"CO"
"Yasmani Grandal",345,294,76,15,1,8,36,35,45,62,2,3,1,0.26,0.361,0.399,0.76,0.342,-0.6,-1.9,2.6,"CA"
"Andre Ethier",486,427,116,24,1,13,54,61,48,93,5,4,2,0.271,0.348,0.427,0.775,0.342,-1,-6,2.5,"OF"
"Melky Cabrera",592,547,158,29,4,16,75,65,36,81,2,7,4,0.288,0.331,0.444,0.775,0.341,-0.8,-6.3,1.6,"OF"
"Scott Van Slyke",185,161,40,9,0,6,22,22,20,43,1,2,1,0.249,0.336,0.43,0.765,0.341,-0.5,0.1,0.6,"OF"
"Mike Carp",363,327,86,20,1,12,43,45,29,85,3,3,2,0.263,0.327,0.442,0.769,0.341,-0.6,-1.8,1.1,"OF"
"Josh Willingham",607,512,120,26,1,23,73,74,76,159,13,2,1,0.234,0.344,0.419,0.763,0.341,-2.3,-7.5,1.5,"OF"
"Norichika Aoki",623,556,165,30,3,7,80,52,50,51,8,21,9,0.297,0.361,0.397,0.758,0.341,-1.7,0.6,2.3,"OF"
"Matt Adams",563,518,138,29,1,23,63,74,36,124,2,3,2,0.267,0.316,0.457,0.773,0.341,-0.9,-0.4,2.1,"CO"
"Nick Swisher",634,549,136,30,1,21,78,76,74,136,4,2,1,0.248,0.339,0.423,0.763,0.341,-2,1.1,2.3,"CO"
"Anthony Rendon",511,457,125,28,2,12,58,56,42,86,5,3,2,0.274,0.341,0.424,0.765,0.34,-0.2,-0.6,3,"MI"
"Yoenis Cespedes",569,516,132,23,5,24,68,81,43,121,5,9,7,0.256,0.318,0.458,0.776,0.34,-0.9,1.1,2.5,"OF"
"Jacoby Ellsbury",676,608,170,30,5,16,92,64,53,94,5,40,12,0.28,0.34,0.422,0.762,0.339,3.7,2.7,4.3,"OF"
"Yadier Molina",432,396,113,22,0,12,46,52,29,46,3,4,2,0.284,0.334,0.433,0.767,0.339,-2.2,8.3,4.1,"CA"
"Shane Victorino",492,443,121,27,4,11,65,54,34,67,8,16,6,0.274,0.335,0.427,0.762,0.339,1,7.1,2.6,"OF"
"Victor Martinez",570,520,149,30,1,14,65,68,41,55,2,3,1,0.287,0.339,0.43,0.769,0.339,-3.3,-0.2,0.8,"UT"
"Will Middlebrooks",393,362,94,19,1,18,48,54,22,91,4,4,2,0.26,0.307,0.465,0.772,0.338,-0.4,-0.8,1.9,"CO"
"Jose Reyes",503,455,130,28,4,9,68,48,39,49,2,19,8,0.286,0.342,0.423,0.765,0.338,0.7,-3.6,2.7,"MI"
"Pedro Alvarez",569,504,119,21,2,29,67,78,56,161,3,3,2,0.236,0.314,0.456,0.77,0.338,-0.6,-3.7,3,"CO"
"Neil Walker",503,447,118,26,2,13,60,54,44,82,6,5,3,0.265,0.336,0.422,0.758,0.337,-0.1,-2.8,2.8,"MI"
"Starling Marte",548,499,139,25,9,11,68,48,28,125,12,28,16,0.278,0.33,0.431,0.761,0.337,0.1,9.5,3.5,"OF"
"Xander Bogaerts",562,503,136,28,2,14,67,62,47,109,4,7,4,0.27,0.335,0.42,0.755,0.337,-0.6,-1.7,3,"CO"
"Josh Donaldson",624,556,143,30,2,20,74,76,56,112,5,5,3,0.257,0.329,0.427,0.756,0.337,-0.3,8.5,4.5,"CO"
"Corey Hart",561,508,130,27,3,22,71,70,40,130,6,5,3,0.256,0.316,0.447,0.763,0.336,-0.6,-3.1,1.7,"CO"
"Angel Pagan",555,505,145,31,5,9,65,55,41,74,2,18,8,0.287,0.34,0.418,0.759,0.336,1.2,-5.5,3.1,"OF"
"Ian Kinsler",678,603,159,33,3,18,91,70,58,69,7,18,8,0.263,0.333,0.419,0.752,0.336,1.5,1.4,3.8,"MI"
"Todd Frazier",543,484,120,24,3,20,57,65,46,116,7,8,4,0.249,0.321,0.436,0.757,0.336,0.4,2.5,3.3,"CO"
"Seth Smith",334,293,73,17,1,12,38,37,32,68,4,1,1,0.248,0.329,0.431,0.759,0.336,-0.1,-0.8,0.9,"OF"
"Aaron Hill",642,580,155,35,3,18,76,71,49,91,5,9,5,0.268,0.329,0.429,0.757,0.335,-0.7,-1.2,3.1,"MI"
"Michael Choice",301,270,73,14,1,8,35,34,23,60,3,2,1,0.271,0.334,0.418,0.752,0.335,-0.3,-0.3,0.4,"OF"
"Chris Carter",551,477,106,22,1,26,64,71,65,179,4,2,1,0.222,0.318,0.434,0.752,0.335,-1.7,-0.5,1,"CO"
"Jason Kipnis",622,544,141,30,3,15,77,68,67,123,4,23,9,0.259,0.342,0.406,0.749,0.335,0.2,-2.5,3.3,"MI"
"Justin Smoak",582,506,121,24,1,22,69,74,67,125,3,2,2,0.24,0.33,0.421,0.751,0.335,-3.5,0.5,1.4,"CO"
"Henry Urrutia",31,29,8,1,0,1,4,4,2,5,0,0,0,0.287,0.33,0.426,0.756,0.335,-0.1,0,0,"OF"
"Jed Lowrie",543,481,127,29,1,14,64,62,52,78,3,1,1,0.264,0.336,0.416,0.751,0.335,-0.9,-6.7,2.7,"MI"
"George Springer",126,112,27,5,1,5,16,16,12,36,1,6,3,0.244,0.32,0.434,0.754,0.335,0.1,0,0.7,"OF"
"Dayan Viciedo",298,272,72,12,1,11,33,37,20,57,3,1,1,0.263,0.317,0.439,0.756,0.335,-0.7,-2,0.7,"OF"
"Coco Crisp",599,526,136,25,6,16,81,58,60,77,2,26,8,0.259,0.335,0.416,0.751,0.334,2.4,-2.7,3.3,"OF"
"Paul Konerko",397,351,92,15,0,13,45,50,37,61,4,1,0,0.262,0.335,0.418,0.753,0.334,-3.9,-0.8,0.4,"CO"
"Cody Ross",524,473,124,28,1,16,58,64,41,103,4,4,2,0.262,0.324,0.43,0.754,0.334,-1.1,0.9,1.8,"OF"
"Nick Markakis",585,525,146,27,3,11,68,60,50,64,4,3,2,0.278,0.342,0.407,0.75,0.334,-0.7,-4.8,1.3,"OF"
"Kyle Seager",636,567,148,34,2,17,74,74,57,113,6,8,5,0.261,0.332,0.415,0.747,0.334,-0.9,-0.9,3.1,"CO"
"Wil Myers",624,557,142,29,2,21,75,79,56,143,4,7,4,0.255,0.325,0.428,0.753,0.334,-0.5,0,2.5,"OF"
"Dexter Fowler",576,493,122,26,7,11,74,50,71,138,5,16,9,0.247,0.345,0.396,0.741,0.334,1.4,-7.6,2.4,"OF"
"Brad Miller",654,593,161,29,5,17,85,67,48,109,3,13,7,0.271,0.326,0.425,0.751,0.334,0.3,-1.3,3.8,NA
"Nolan Arenado",611,568,157,34,3,18,68,78,31,79,3,3,2,0.276,0.315,0.443,0.757,0.333,-0.8,13.4,3.7,"CO"
"Martin Prado",654,598,167,39,3,13,77,70,46,63,2,6,4,0.28,0.331,0.419,0.75,0.333,-0.7,-0.2,3.1,"CO"
"Carlos Gomez",628,573,147,25,6,23,73,77,40,149,8,31,13,0.256,0.312,0.442,0.753,0.333,1.2,10.6,4.6,"OF"
"Logan Morrison",481,421,104,22,3,14,57,57,52,85,4,3,2,0.248,0.333,0.416,0.749,0.333,-0.5,-2.1,1,"CO"
"Hunter Pence",642,580,151,29,3,21,72,79,52,117,4,10,5,0.26,0.322,0.429,0.751,0.333,0,-0.9,2.8,"OF"
"Jonny Gomes",384,333,80,17,1,13,46,44,40,108,7,2,1,0.239,0.33,0.412,0.742,0.332,-0.4,-3.6,0.7,"OF"
"Ian Desmond",592,546,148,31,2,19,69,69,35,128,4,17,9,0.27,0.315,0.437,0.752,0.332,0.1,-1.8,3.5,"MI"
"Adam Eaton",591,519,141,24,6,8,73,54,50,90,12,19,11,0.272,0.346,0.391,0.737,0.331,0.2,-7.4,1.9,"OF"
"Alex Rios",597,556,155,30,4,17,71,77,32,87,3,21,9,0.278,0.318,0.436,0.754,0.331,1.2,-0.7,1.6,"OF"
"Adam Dunn",371,314,65,11,0,19,45,49,51,119,2,1,1,0.208,0.319,0.425,0.744,0.331,-2,-0.1,0.3,"CO"
"Matt Wieters",473,426,109,22,1,17,55,57,39,84,2,2,1,0.256,0.32,0.43,0.75,0.331,-2.1,7.3,3.5,"CA"
"Lonnie Chisenhall",478,437,114,27,1,16,57,58,29,84,5,3,2,0.261,0.312,0.437,0.749,0.331,-0.4,-1.2,2.4,"CO"
"Carlos Ruiz",409,360,96,22,0,8,44,40,36,47,9,2,1,0.267,0.345,0.398,0.743,0.331,-1.5,2.5,2.9,"CA"
"Kole Calhoun",592,536,139,25,5,18,72,70,46,104,3,12,6,0.26,0.32,0.425,0.744,0.33,0,-0.6,2.2,"OF"
"Mitch Moreland",457,412,104,21,3,16,54,56,36,95,3,2,1,0.253,0.315,0.435,0.75,0.33,-1,0.3,0.4,"CO"
"Yonder Alonso",552,494,133,29,1,13,58,64,48,84,3,6,3,0.269,0.335,0.412,0.746,0.33,-1.9,2.1,1.9,"CO"
"Wilson Ramos",178,163,43,8,0,6,19,22,12,28,1,1,1,0.263,0.315,0.434,0.749,0.33,-0.4,0.5,1.2,"CA"
"Brett Lawrie",556,502,130,26,4,16,67,63,41,84,6,11,6,0.259,0.321,0.421,0.742,0.33,-0.2,4.3,3,"CO"
"Chris Johnson",604,557,154,35,2,15,60,68,34,138,5,2,1,0.277,0.321,0.426,0.747,0.329,-1.6,-11.5,1.7,"CO"
"David Freese",543,482,128,23,1,13,60,59,47,113,6,3,2,0.265,0.336,0.396,0.732,0.328,-2,-7.8,1.8,"CO"
"Jon Jay",289,257,71,14,3,4,30,27,24,48,5,5,4,0.275,0.345,0.393,0.738,0.328,-0.3,-1.7,1.3,"OF"
"Gaby Sanchez",338,296,74,17,0,8,36,37,35,56,3,2,1,0.251,0.336,0.395,0.731,0.328,-0.6,1.9,1.1,"CO"
"Michael Morse",601,551,142,27,1,22,67,79,38,140,7,1,1,0.258,0.311,0.43,0.741,0.328,-3.2,-8.9,1.1,"OF"
"Ryan Howard",500,446,106,21,1,21,55,65,46,149,4,1,1,0.238,0.313,0.436,0.749,0.328,-3.8,-3.8,0.4,"CO"
"Jose Tabata",559,498,136,28,4,7,63,49,44,81,8,11,6,0.273,0.34,0.389,0.729,0.328,-0.5,-2,1.8,"OF"
"Will Venable",527,478,122,22,6,17,63,56,38,117,4,19,7,0.255,0.313,0.43,0.743,0.327,1.3,-5.6,2.4,"OF"
"Alex Avila",396,335,79,16,1,11,46,41,52,103,2,2,2,0.235,0.339,0.386,0.725,0.327,-1.5,0.4,2.3,"CA"
"Tommy La Stella",98,88,24,5,0,1,10,9,7,11,1,1,1,0.277,0.338,0.393,0.731,0.327,-0.1,0,0.5,NA
"Omar Infante",510,478,141,22,3,8,57,55,24,54,2,6,3,0.295,0.329,0.406,0.735,0.327,-0.7,1.1,2.3,"MI"
"Evan Gattis",402,372,92,19,1,18,45,55,22,85,4,2,1,0.247,0.295,0.451,0.745,0.327,-0.4,0.1,2.7,"CA"
"Trevor Plouffe",518,464,116,25,1,16,59,63,42,105,6,2,2,0.251,0.318,0.413,0.732,0.327,-1.4,-8.6,1.3,"CO"
"Steve Pearce",205,180,45,9,1,6,23,23,20,41,3,2,1,0.248,0.329,0.405,0.733,0.327,-0.3,0,0.3,"UT"
"Alex Hassan",32,28,7,2,0,1,4,3,3,6,0,0,0,0.257,0.341,0.383,0.724,0.326,0,0,0.1,"OF"
"Ryan Wheeler",31,28,8,2,0,1,3,4,2,6,0,0,0,0.275,0.317,0.42,0.737,0.326,0,0,0.1,"CO"
"David Murphy",466,420,111,24,1,12,51,52,37,66,2,6,3,0.265,0.325,0.412,0.737,0.326,-0.5,1.8,1.7,"OF"
"Oscar Taveras",65,60,17,3,0,2,7,7,4,8,1,1,1,0.275,0.319,0.42,0.74,0.326,-0.1,0,0.3,"OF"
"Tyler Moore",216,198,49,11,1,9,24,28,14,55,2,2,1,0.248,0.3,0.438,0.738,0.326,-0.4,-0.3,0.5,"OF"
"Scott Hairston",107,99,25,5,0,4,13,14,6,23,1,2,1,0.252,0.299,0.439,0.738,0.326,-0.3,-0.5,0.1,"OF"
"Miguel Montero",532,463,116,23,1,14,55,56,57,108,6,1,1,0.25,0.338,0.393,0.731,0.326,-2.2,3.6,3.3,"CA"
"Sam Fuld",46,42,11,1,3,0,4,5,4,7,0,2,1,0.254,0.319,0.42,0.739,0.326,0.2,0.2,0.2,"OF"
"Derek Norris",246,213,51,10,1,8,27,27,27,51,2,3,2,0.237,0.325,0.399,0.724,0.326,-0.3,-0.4,1.5,"CA"
"Chase Headley",609,533,133,27,2,15,66,64,65,139,6,9,4,0.249,0.335,0.392,0.727,0.325,-1.4,4.2,3.6,"CO"
"Justin Ruggiano",468,422,105,22,1,16,52,54,38,112,3,14,8,0.25,0.313,0.418,0.731,0.325,-0.8,-2.4,1.7,"OF"
"Daniel Nava",463,407,104,25,1,9,54,45,41,83,9,2,1,0.256,0.336,0.386,0.722,0.325,-0.5,-4.1,0.6,"OF"
"Manny Machado",418,386,103,23,2,11,51,46,24,64,2,6,4,0.268,0.312,0.421,0.734,0.325,-0.4,15.1,3.3,"CO"
"Colby Rasmus",518,461,108,26,2,19,61,62,46,137,5,3,2,0.234,0.308,0.425,0.733,0.325,0.8,-0.9,2.2,"OF"
"Donnie Murphy",142,128,32,6,1,5,15,17,10,35,2,1,1,0.248,0.311,0.417,0.729,0.325,-0.2,-1.2,0.4,"CO"
"Caleb Gindl",57,51,13,3,0,2,6,6,5,11,0,1,0,0.255,0.318,0.41,0.728,0.324,-0.1,-0.1,0.1,"OF"
"Dustin Ackley",559,496,130,26,4,10,66,57,54,89,2,7,3,0.262,0.334,0.391,0.725,0.324,0.3,1.5,1.8,"OF"
"Jesus Guzman",499,449,113,24,1,15,55,57,40,112,4,6,3,0.252,0.316,0.414,0.729,0.324,-0.9,-0.2,0.9,"OF"
"Steve Clevenger",123,112,30,7,2,2,13,15,9,17,1,1,0,0.266,0.321,0.409,0.73,0.324,-0.3,-0.8,0.6,"CA"
"Alberto Callaspo",361,318,83,16,0,7,39,37,38,38,1,2,1,0.26,0.34,0.381,0.72,0.324,-1.1,-3.8,1.2,"CO"
"Desmond Jennings",628,549,136,31,4,13,79,57,64,123,5,23,8,0.247,0.329,0.391,0.72,0.324,2.6,-4.1,2.9,"OF"
"Kelly Johnson",416,368,87,17,4,13,47,47,40,101,3,7,4,0.236,0.314,0.412,0.727,0.324,-0.7,1.1,0.7,"MI"
"Jason Castro",550,482,117,25,1,16,60,62,55,126,6,2,2,0.242,0.326,0.397,0.723,0.324,-0.7,-1.8,3.1,"CA"
"Lucas Duda",569,491,111,23,1,20,60,65,65,144,7,2,2,0.226,0.323,0.397,0.72,0.323,-1.7,-0.6,1.3,"OF"
"Alejandro De Aza",559,504,130,25,3,15,72,52,41,114,5,17,8,0.257,0.318,0.408,0.726,0.323,0.5,0.5,1.4,"OF"
"Oswaldo Arcia",505,460,115,22,4,16,55,60,35,129,5,5,4,0.25,0.307,0.421,0.728,0.323,-0.9,-4.3,0.8,"OF"
"Michael Taylor",127,113,28,6,0,3,15,14,12,25,1,2,1,0.252,0.324,0.396,0.72,0.323,-0.1,-0.8,0.3,"OF"
"Darin Ruf",118,105,26,6,0,4,12,13,10,30,2,0,0,0.243,0.316,0.407,0.723,0.323,-0.3,-0.4,0.1,"OF"
"Brett Gardner",654,568,145,26,6,10,82,55,66,134,9,30,10,0.256,0.34,0.373,0.713,0.323,3.2,13.4,3.4,"OF"
"Ryan Ludwick",448,405,100,18,1,16,47,53,34,100,5,1,1,0.246,0.311,0.415,0.725,0.322,-1.3,-4.4,0.6,"OF"
"Nick Castellanos",537,493,135,28,2,11,58,58,32,94,4,5,3,0.273,0.321,0.402,0.724,0.322,-0.6,0,2.1,"OF"
"Michael McKenry",23,21,5,1,0,1,2,3,2,5,0,0,0,0.249,0.313,0.411,0.724,0.322,0,-0.1,0.1,"CA"
"Jedd Gyorko",621,566,142,27,1,22,66,77,45,133,4,4,2,0.251,0.307,0.419,0.727,0.322,-0.3,-0.4,3.1,"MI"
"Jackie Bradley Jr",232,206,53,14,1,4,27,24,19,49,3,6,3,0.255,0.326,0.392,0.718,0.322,-0.2,-1.7,0.7,NA
"Garin Cecchini",63,56,15,3,0,1,7,6,6,11,1,2,1,0.266,0.338,0.378,0.716,0.322,0,0,0.2,"CO"
"Yan Gomes",426,390,98,21,1,14,48,52,23,91,6,3,1,0.252,0.302,0.423,0.725,0.322,-0.6,3.7,3,"CA"
"Dean Anna",332,295,77,15,2,6,36,32,30,48,4,3,2,0.261,0.334,0.378,0.712,0.321,-0.6,3.4,1.6,"MI"
"Josmil Pinto",191,174,45,9,0,6,21,22,13,33,1,1,0,0.256,0.312,0.409,0.721,0.321,-0.2,0.4,1.1,"CA"
"Howie Kendrick",587,543,149,30,3,11,64,64,28,109,9,11,5,0.275,0.319,0.406,0.725,0.321,-0.4,1.6,2.8,"MI"
"Conor Gillaspie",434,389,100,20,2,10,47,46,37,70,2,2,1,0.258,0.323,0.398,0.722,0.321,-0.5,-3,1.2,"CO"
"Jordan Pacheco",215,199,57,12,1,3,22,23,11,27,2,2,1,0.286,0.328,0.393,0.721,0.321,-0.3,-0.4,-0.2,"CO"
"Zoilo Almonte",33,30,8,1,0,1,4,4,2,6,0,1,0,0.259,0.31,0.412,0.722,0.321,-0.1,0.1,0.1,"OF"
"Leonys Martin",560,509,136,25,5,11,66,60,36,102,6,30,14,0.267,0.321,0.399,0.72,0.321,0.9,1.9,2.2,"OF"
"Ryan Lavarnway",24,21,5,1,0,1,3,3,2,4,0,0,0,0.252,0.316,0.404,0.72,0.321,0,-0.2,0.1,"CA"
"Nate Schierholtz",506,461,118,24,3,15,52,60,34,89,4,6,4,0.255,0.31,0.418,0.728,0.321,-0.2,-1,1.1,"OF"
"Travis Snider",384,345,88,17,2,10,42,40,32,84,2,6,3,0.256,0.319,0.401,0.72,0.321,-0.7,-0.2,0.5,"OF"
"Thomas Neal",13,12,3,1,0,0,1,1,1,3,0,0,0,0.266,0.323,0.393,0.716,0.321,0,-0.1,0,"OF"
"Brandon Barnes",210,192,50,11,2,5,25,22,12,48,2,5,3,0.26,0.31,0.411,0.721,0.321,-0.1,1.1,0.7,"OF"
"Denard Span",600,542,149,30,7,5,73,46,46,71,2,17,7,0.274,0.332,0.383,0.715,0.321,0.9,1.4,2.9,"OF"
"Michael Brantley",563,511,142,28,2,8,61,59,42,63,3,12,6,0.278,0.334,0.386,0.72,0.321,0.2,-0.9,1.6,"OF"
"Jason Kubel",443,395,97,21,2,13,49,52,41,121,2,2,1,0.246,0.318,0.407,0.725,0.321,-1.7,-1.5,0,"OF"
"Erik Kratz",93,85,20,4,0,4,11,14,6,18,1,0,0,0.239,0.295,0.436,0.731,0.32,-0.2,0.4,0.5,"CA"
"Scott Sizemore",64,57,14,3,0,1,7,6,6,14,1,1,1,0.248,0.327,0.382,0.709,0.32,-0.1,-1,0.1,"MI"
"Gerardo Parra",583,525,142,32,3,9,63,56,44,94,4,12,7,0.271,0.329,0.394,0.723,0.32,-0.7,6.4,2.9,"OF"
"Daric Barton",370,313,74,17,1,6,40,33,50,56,3,2,1,0.238,0.345,0.352,0.697,0.319,-0.6,6.3,1.3,"CO"
"Andy Dirks",168,153,40,7,1,4,19,18,12,29,1,2,1,0.263,0.321,0.395,0.716,0.319,-0.1,0.2,0.4,"OF"
"Carl Crawford",503,464,126,26,3,10,59,47,28,86,3,17,6,0.271,0.316,0.403,0.719,0.319,1.6,4.3,2.3,"OF"
"Josh Vitters",33,30,8,1,0,1,3,4,2,6,0,0,0,0.255,0.304,0.416,0.72,0.319,0,-0.1,0.1,"CO"
"Nate Freiman",130,119,31,6,0,4,14,15,8,22,1,1,0,0.257,0.311,0.406,0.716,0.319,-0.4,0.2,0.2,"CO"
"Luis Valbuena",388,334,79,17,1,9,39,36,47,72,2,3,2,0.238,0.334,0.371,0.705,0.319,-0.7,2,1.6,"CO"
"Brandon Phillips",612,563,149,26,2,16,64,67,37,95,6,6,5,0.264,0.314,0.402,0.717,0.318,-0.6,8.7,3.4,"MI"
"John Jaso",361,306,73,16,1,5,38,31,47,64,3,3,2,0.238,0.344,0.35,0.694,0.318,-0.9,-1.7,1.8,"CA"
"Cody Asche",425,389,100,20,2,12,44,46,28,88,2,5,3,0.257,0.308,0.409,0.718,0.318,-0.4,-1.3,1.6,"CO"
"Drew Stubbs",406,360,90,16,2,10,48,42,36,110,3,16,5,0.251,0.32,0.39,0.71,0.318,2,0.1,1.2,"OF"
"Jose Altuve",649,597,168,32,3,8,74,61,40,71,4,31,15,0.282,0.329,0.385,0.714,0.318,0.2,-4.2,2.1,"MI"
"Elvis Andrus",629,563,156,24,4,6,76,54,51,80,4,28,11,0.277,0.339,0.366,0.704,0.318,3.5,7.4,3.7,"MI"
"Derek Jeter",418,374,103,15,1,5,48,33,33,62,5,5,2,0.276,0.34,0.362,0.702,0.318,-1,-7.7,0.9,"MI"
"Casey McGehee",550,490,123,27,4,12,53,64,49,106,3,3,2,0.25,0.319,0.393,0.712,0.318,-1.8,-6.6,1.3,"CO"
"Jean Segura",607,562,155,21,9,10,71,55,32,77,5,34,16,0.275,0.318,0.399,0.717,0.317,0.3,2,3.2,"MI"
"Welington Castillo",386,344,83,17,0,12,37,41,31,91,6,1,1,0.242,0.313,0.398,0.711,0.317,-0.7,0.1,2,"CA"
"Bryce Brentz",63,58,15,3,0,2,8,8,3,16,0,1,0,0.253,0.298,0.42,0.718,0.317,0,0,0.1,"OF"
"Delmon Young",244,227,59,11,0,8,26,30,13,49,2,1,0,0.26,0.303,0.412,0.715,0.317,-0.7,-0.8,-0.1,"OF"
"Michael Saunders",472,415,99,22,2,12,55,50,48,109,2,12,6,0.239,0.317,0.393,0.71,0.317,0.3,-1,1,"OF"
"Grant Green",62,57,16,3,0,1,7,7,3,12,0,1,1,0.275,0.315,0.398,0.713,0.317,-0.1,-0.3,0.2,"MI"
"James Loney",511,461,123,26,1,10,52,55,42,64,1,4,2,0.266,0.327,0.389,0.716,0.317,-0.9,5.9,1.5,"CO"
"J.J. Hardy",604,557,143,25,1,20,68,68,37,82,2,2,1,0.257,0.304,0.412,0.716,0.317,-1.2,4.9,3,"MI"
"Daniel Murphy",640,595,164,35,3,10,68,59,35,83,3,12,6,0.276,0.317,0.397,0.714,0.317,0.1,-8.2,2,"MI"
"Asdrubal Cabrera",534,482,122,28,1,13,61,57,39,94,7,8,4,0.253,0.316,0.395,0.711,0.317,-0.6,-10.1,1.5,"MI"
"Christian Yelich",597,536,138,26,6,10,68,52,51,128,3,17,8,0.258,0.323,0.384,0.707,0.316,0.5,-1.3,1.3,"OF"
"L.J. Hoes",433,385,101,17,2,6,46,38,40,63,3,10,6,0.263,0.334,0.365,0.699,0.316,-0.5,-2.4,0.6,"OF"
"Garrett Jones",504,453,109,24,2,16,55,58,43,118,2,2,1,0.24,0.307,0.405,0.712,0.316,-2.1,-3.2,0.2,"CO"
"Taylor Green",63,57,14,3,0,2,6,7,5,12,1,1,0,0.248,0.312,0.397,0.709,0.316,-0.1,-0.7,0.2,"CO"
"Travis Ishikawa",236,209,52,10,1,6,23,23,21,54,2,2,1,0.247,0.321,0.386,0.707,0.316,-0.5,2.7,0.7,"CO"
"Emilio Bonifacio",289,260,73,12,1,2,30,20,24,57,1,19,6,0.282,0.342,0.359,0.702,0.316,2.1,-1.4,0.2,"MI"
"John Mayberry",358,324,78,18,1,12,35,42,28,79,2,4,2,0.241,0.303,0.408,0.711,0.316,-0.4,-0.2,0.2,"OF"
"Starlin Castro",620,575,157,32,4,10,65,57,34,93,4,13,8,0.273,0.316,0.395,0.711,0.316,-0.9,-4.1,2.2,"MI"
"Andrelton Simmons",625,571,152,28,4,12,66,60,38,50,4,10,7,0.267,0.314,0.395,0.71,0.315,-1.2,19.5,5.1,"MI"
"David Lough",477,444,120,20,7,9,53,49,23,64,4,14,6,0.269,0.309,0.404,0.713,0.315,0.1,4.7,1.3,"OF"
"David DeJesus",505,445,109,25,4,8,58,43,45,86,8,6,4,0.245,0.323,0.377,0.699,0.315,-0.7,0.5,1.3,"OF"
"Carlos Peguero",13,12,3,1,0,0,1,2,1,4,0,0,0,0.245,0.299,0.413,0.713,0.315,0,-0.3,0,"OF"
"Vince Belnome",63,55,13,3,0,1,7,6,7,14,0,0,0,0.245,0.33,0.368,0.697,0.315,-0.1,0,0.1,"MI"
"Abraham Almonte",565,506,130,25,3,11,64,57,50,110,2,20,11,0.256,0.323,0.38,0.703,0.315,-0.3,-2,1.8,"OF"
"Scott Moore",40,36,9,2,0,1,4,4,3,9,1,0,0,0.247,0.314,0.389,0.703,0.315,-0.1,-0.5,0.1,"CO"
"Jurickson Profar",414,367,91,19,2,8,47,42,37,65,4,9,5,0.248,0.32,0.38,0.7,0.315,-0.7,0.5,1.2,"MI"
"Johnny Giavotella",19,17,5,1,0,0,2,2,1,2,0,0,0,0.27,0.327,0.376,0.703,0.314,0,-0.1,0,"MI"
"Ryan Kalish",383,342,83,16,4,9,39,40,33,81,2,10,5,0.243,0.312,0.391,0.702,0.314,-0.2,1,0.2,"OF"
"Chris Denorfia",554,500,132,23,3,10,60,50,43,85,3,11,5,0.263,0.322,0.379,0.702,0.314,-0.5,2.5,1.8,"OF"
"Chris Parmelee",90,80,19,4,0,2,9,9,8,18,1,0,0,0.244,0.319,0.382,0.701,0.314,-0.2,-0.1,0.1,"OF"
"Eric Chavez",133,121,30,6,1,4,14,15,10,27,1,1,0,0.249,0.307,0.405,0.712,0.314,-0.5,0,0,"CO"
"DJ LeMahieu",483,447,129,21,4,4,54,44,26,64,2,15,9,0.289,0.329,0.38,0.708,0.314,-0.8,2.3,1.2,"MI"
"Justin Maxwell",233,208,48,9,1,7,26,26,21,67,2,5,2,0.231,0.305,0.395,0.7,0.314,0,0.1,0.4,"OF"
"Rafael Furcal",405,363,96,18,2,5,44,31,33,48,3,9,4,0.263,0.328,0.369,0.697,0.313,-0.3,2,1.7,"MI"
"Chris Heisey",329,304,76,14,2,10,35,36,16,72,4,4,2,0.25,0.296,0.409,0.705,0.313,0.4,-0.6,0.1,"OF"
"Nate McLouth",497,439,107,22,2,11,57,44,46,76,4,17,7,0.243,0.319,0.376,0.696,0.313,1.4,-1.7,0.3,"OF"
"Mike Moustakas",473,431,105,24,1,14,51,56,33,76,4,4,2,0.244,0.302,0.402,0.704,0.313,-1.2,5.7,2,"CO"
"Yangervis Solarte",429,396,108,24,0,7,47,48,23,46,3,3,2,0.271,0.315,0.386,0.701,0.313,-0.4,-0.3,1.3,"OF"
"Curtis Granderson",592,519,111,22,3,23,66,64,60,165,5,10,5,0.213,0.299,0.4,0.699,0.312,0,0.7,1.6,"OF"
"Jaff Decker",13,11,3,0,0,0,1,1,1,3,0,0,0,0.232,0.318,0.376,0.694,0.312,0,0,0,"OF"
"Maicer Izturis",392,356,96,20,1,4,40,34,27,43,3,7,3,0.271,0.326,0.369,0.694,0.312,-0.2,-3.9,0.8,"MI"
"Lorenzo Cain",471,429,114,21,3,7,50,48,31,98,5,15,6,0.265,0.32,0.377,0.697,0.312,0,5.2,2.1,"OF"
"Nick Franklin",27,24,6,1,0,1,3,3,2,6,0,0,0,0.246,0.314,0.384,0.698,0.312,0,-0.4,0.1,"MI"
"Matt Dominguez",559,511,123,24,1,20,61,66,36,85,5,1,1,0.24,0.295,0.408,0.703,0.312,-1.5,2.8,2.1,"CO"
"Don Kelly",324,291,74,10,3,7,36,34,26,46,3,4,2,0.253,0.318,0.378,0.696,0.312,-0.4,-0.2,0.4,"OF"
"Junior Lake",458,420,109,23,2,9,47,42,27,110,4,17,10,0.26,0.309,0.389,0.698,0.312,-0.6,3.4,1.1,"OF"
"Tommy Medica",141,127,30,6,1,4,15,15,11,37,2,1,1,0.238,0.302,0.396,0.698,0.312,-0.1,0,0.2,"CO"
"Rajai Davis",416,381,102,20,3,6,51,42,23,74,5,34,12,0.267,0.314,0.386,0.7,0.312,3.2,-3.3,0.6,"OF"
"Marcell Ozuna",504,470,121,23,3,13,50,57,27,103,3,6,4,0.257,0.298,0.405,0.703,0.312,-0.3,0.1,1.8,"OF"
"Gordon Beckham",371,334,84,18,1,8,41,38,27,56,4,4,2,0.251,0.312,0.384,0.696,0.312,-0.3,-0.4,1,"MI"
"Marco Scutaro",396,360,99,18,2,3,43,31,28,31,2,3,1,0.275,0.329,0.362,0.691,0.312,-0.7,-1.6,1.5,"MI"
"Ryan Doumit",286,260,65,13,1,8,29,32,21,53,2,1,0,0.249,0.308,0.394,0.702,0.312,-1.1,-1.5,-0.1,"CA"
"Brandon Laird",33,31,8,2,0,1,3,4,2,6,0,0,0,0.253,0.293,0.41,0.703,0.312,0,-0.3,0.1,"CO"
"Jemile Weeks",70,62,16,3,1,1,8,5,6,11,1,2,1,0.26,0.331,0.359,0.689,0.312,-0.1,-0.9,0.1,"MI"
"Grady Sizemore",342,308,73,18,1,9,38,36,27,84,4,6,3,0.238,0.304,0.393,0.698,0.312,-0.3,-4.5,0.5,"OF"
"David Ross",182,162,38,8,0,5,19,20,16,53,1,1,1,0.237,0.307,0.386,0.694,0.312,-0.9,1.5,0.9,"CA"
"Rickie Weeks",281,245,55,12,1,8,30,27,27,69,4,5,2,0.226,0.313,0.377,0.69,0.311,-0.2,-3.9,0.5,"MI"
"Brock Holt",140,127,35,7,1,1,15,12,10,20,1,3,2,0.277,0.331,0.361,0.693,0.311,-0.2,-1.7,0.2,"CO"
"Alexei Ramirez",618,575,159,29,2,9,67,62,32,67,4,20,9,0.276,0.316,0.382,0.699,0.311,1.1,1.5,2.6,"MI"
"Geovany Soto",207,182,40,9,0,7,23,24,21,52,2,2,1,0.223,0.306,0.389,0.694,0.311,-1,0.1,0.8,"CA"
"Marlon Byrd",487,449,113,22,3,14,48,53,27,114,6,3,2,0.252,0.301,0.405,0.706,0.311,-1,1.4,1,"OF"
"Brady Shoemaker",6,6,1,0,0,0,1,1,1,1,0,0,0,0.248,0.316,0.374,0.69,0.311,0,0,0,"OF"
"Zach Lutz",24,21,5,1,0,1,2,2,2,6,0,0,0,0.237,0.312,0.378,0.689,0.31,0,-0.1,0,"CO"
"Jeff Baker",411,367,90,20,1,9,42,41,34,89,4,4,2,0.246,0.314,0.379,0.693,0.31,-1.5,-2.3,1,"OF"
"Joey Terdoslavich",43,39,10,2,0,1,4,5,3,9,0,1,0,0.249,0.302,0.395,0.698,0.31,0,0,0.1,"OF"
"Jarrod Saltalamacchia",401,361,84,22,1,12,39,44,34,118,2,2,1,0.234,0.3,0.396,0.696,0.31,-0.4,-3.3,1.6,"CA"
"Charlie Culberson",223,210,56,11,2,5,23,25,8,42,2,7,3,0.266,0.298,0.403,0.701,0.31,0,-0.3,0.4,"OF"
"Chris Young",264,231,50,12,1,8,28,28,28,62,2,6,3,0.218,0.305,0.386,0.691,0.31,0.1,0.4,1.1,"OF"
"Devin Mesoraco",386,348,84,18,1,12,37,42,30,66,2,2,1,0.241,0.302,0.399,0.702,0.31,-0.8,0.1,1.8,"CA"
"Alex Presley",119,110,28,4,1,3,13,11,7,23,1,3,2,0.254,0.301,0.396,0.696,0.309,-0.1,-0.6,0.1,"OF"
"Ichiro Suzuki",353,332,96,14,2,4,40,31,15,45,1,12,4,0.29,0.322,0.378,0.7,0.309,0.2,2.8,0.8,"OF"
"Jon Singleton",189,164,37,7,1,5,21,20,21,52,1,2,1,0.225,0.316,0.371,0.687,0.309,-0.2,0,0.1,"CO"
"Maikel Franco",78,73,19,4,0,2,8,8,3,11,1,0,0,0.256,0.293,0.405,0.698,0.309,-0.1,0,0.3,"CO"
"Stefen Romero",234,218,57,12,1,5,27,27,11,44,2,4,3,0.26,0.299,0.398,0.697,0.309,-0.3,0,0.3,"OF"
"Chris Iannetta",277,232,49,11,0,7,30,27,39,68,2,2,1,0.209,0.325,0.352,0.676,0.309,-0.9,-0.5,1.3,"CA"
"Brandon Hicks",149,135,31,8,1,5,16,16,11,46,1,2,1,0.232,0.293,0.4,0.693,0.309,-0.2,0.3,0.6,"MI"
"Casper Wells",33,29,7,1,0,1,3,3,3,8,0,0,0,0.229,0.299,0.391,0.69,0.309,-0.1,-0.4,0,"OF"
"Ryan Raburn",366,330,77,17,1,11,39,41,27,95,4,2,1,0.235,0.297,0.393,0.69,0.309,-0.4,0,0.7,"OF"
"Dioner Navarro",352,319,80,15,1,9,38,40,25,44,2,2,1,0.25,0.307,0.388,0.695,0.309,-1.8,-1,1.3,"CA"
"Josh Satin",169,147,35,7,0,3,16,15,19,40,1,1,1,0.238,0.327,0.352,0.679,0.309,-0.5,-0.4,0,"CO"
"Steve Susdorf",19,18,5,1,0,0,2,2,1,3,0,0,0,0.263,0.322,0.364,0.685,0.308,0,0,0,"OF"
"Jhonny Peralta",533,482,118,25,1,13,51,57,43,106,3,3,2,0.244,0.307,0.383,0.69,0.308,-2.4,-2.6,1.9,"MI"
"Andrew Brown",179,162,37,7,1,7,18,22,14,48,1,1,1,0.226,0.288,0.404,0.693,0.308,-0.2,-1,0.3,"OF"
"Matt Davidson",96,86,20,4,0,3,10,11,8,26,1,1,0,0.228,0.3,0.389,0.689,0.308,-0.1,-0.1,0.2,"CO"
"Marc Krauss",400,349,78,17,1,11,41,41,42,96,3,5,3,0.224,0.311,0.373,0.684,0.308,-0.3,-1.3,0.4,"OF"
"Hunter Morris",20,18,4,1,0,1,2,2,1,4,0,0,0,0.24,0.284,0.414,0.697,0.308,0,0,0,"CO"
"Sean Rodriguez",285,254,59,13,1,8,31,32,21,68,6,6,2,0.232,0.303,0.382,0.685,0.308,0.3,2.2,0.6,"OF"
"Cameron Maybin",165,149,37,7,1,3,17,16,13,32,1,7,3,0.248,0.312,0.374,0.686,0.308,0.6,-0.1,0.7,"OF"
"Dan Uggla",473,406,85,16,1,16,48,52,54,133,6,2,1,0.21,0.309,0.371,0.68,0.307,-0.9,-9,0.6,"MI"
"Nolan Reimold",63,57,13,2,0,2,7,7,5,15,1,1,0,0.231,0.298,0.391,0.689,0.307,0,-0.4,0,"UT"
"Joc Pederson",19,17,4,1,0,1,2,2,2,4,0,1,0,0.239,0.306,0.38,0.686,0.307,0,0,0.1,"OF"
"Erick Aybar",594,551,149,28,6,7,67,58,30,69,5,14,6,0.27,0.31,0.38,0.691,0.307,1.1,-2.1,2.4,"MI"
"Sean Halton",109,99,24,5,0,3,11,12,7,25,1,1,1,0.242,0.3,0.388,0.688,0.307,-0.2,0,0,"CO"
"Josh Reddick",515,461,104,21,2,17,57,59,46,109,2,7,4,0.225,0.297,0.393,0.69,0.307,0.2,9.8,2,"OF"
"Chris Owings",522,493,135,25,4,8,50,51,19,99,3,16,7,0.274,0.303,0.39,0.693,0.307,0.1,-0.5,1.8,"MI"
"Brandon Allen",17,15,3,1,0,1,2,2,2,4,0,0,0,0.224,0.299,0.39,0.689,0.307,0,0,0,"CO"
"Eric Sogard",288,258,67,13,1,3,31,25,23,35,2,9,4,0.259,0.324,0.358,0.681,0.307,-0.2,0.5,1,"MI"
"Kolten Wong",514,467,122,20,4,7,50,47,36,68,3,15,7,0.261,0.316,0.369,0.685,0.307,-0.1,0.5,1.9,"MI"
"Michael Bourn",594,533,138,24,5,5,72,44,49,131,4,29,10,0.259,0.324,0.357,0.68,0.307,3.7,3.4,2.8,"OF"
"Hank Conger",358,324,80,15,1,9,37,38,25,67,3,2,1,0.248,0.307,0.382,0.689,0.307,-0.5,-2,1.5,"CA"
"Ryan Sweeney",231,207,52,11,2,3,22,22,19,39,1,1,1,0.252,0.315,0.369,0.684,0.306,-0.4,-0.6,0.5,"OF"
"Scooter Gennett",368,345,94,17,2,5,34,36,16,58,2,6,4,0.273,0.307,0.382,0.689,0.306,-0.2,0.4,1.2,"MI"
"Brian Bogusevic",88,78,19,3,0,2,8,8,8,18,1,2,1,0.242,0.318,0.362,0.68,0.306,0,0.8,0.2,"OF"
"Shane Robinson",234,207,51,9,1,3,23,21,22,32,2,5,2,0.248,0.324,0.353,0.676,0.306,0.1,1.8,0.7,"OF"
"Avisail Garcia",533,497,130,16,4,13,55,56,23,110,6,10,6,0.262,0.301,0.387,0.687,0.306,-0.2,-3,0.1,"OF"
"Jose Lobaton",272,239,57,12,1,5,25,24,27,55,2,1,1,0.239,0.318,0.358,0.677,0.306,-0.7,-1.8,1,"CA"
"Brent Keys",19,18,5,1,0,0,2,2,1,2,0,0,0,0.279,0.327,0.351,0.679,0.306,0,0,0.1,"OF"
"Luis Jimenez",31,29,8,2,0,1,3,3,1,5,0,1,0,0.26,0.293,0.399,0.691,0.306,0,0.1,0.1,"CO"
"Javier Baez",91,84,20,4,0,3,9,10,4,25,1,2,1,0.237,0.282,0.41,0.691,0.306,-0.1,0,0.2,"MI"
"Kurt Suzuki",365,328,83,17,1,7,34,39,28,50,3,2,1,0.252,0.315,0.371,0.686,0.306,-0.7,0.2,1.6,"CA"
"A.J. Ellis",494,425,100,17,1,8,45,43,56,93,7,2,1,0.235,0.331,0.34,0.672,0.306,-1.4,5.1,3,"CA"
"David Adams",32,29,7,1,0,1,3,3,2,6,0,0,0,0.245,0.309,0.37,0.679,0.306,0,0,0.1,"CO"
"Brandon Snyder",32,29,7,2,0,1,3,4,2,8,0,0,0,0.244,0.291,0.397,0.688,0.305,-0.1,-0.3,0,"CO"
"Russell Martin",468,405,91,17,0,11,46,48,50,89,7,7,4,0.225,0.318,0.353,0.672,0.305,-0.8,4.3,2.8,"CA"
"Nyjer Morgan",278,244,63,10,2,2,29,23,24,50,4,6,3,0.259,0.332,0.339,0.671,0.305,0,1.8,0.7,"OF"
"Daniel Butler",47,42,10,2,0,1,5,5,4,9,1,0,0,0.236,0.303,0.378,0.681,0.305,0,0,0.2,"CA"
"Jordan Lennerton",32,28,7,1,0,1,4,3,3,7,0,0,0,0.239,0.315,0.364,0.679,0.305,0,0,0,"CO"
"Jason Giambi",160,139,30,6,0,5,17,17,17,42,2,1,1,0.216,0.307,0.371,0.677,0.305,-0.9,-0.6,0,"UT"
"Tyler Flowers",360,323,73,14,1,12,38,39,28,112,5,3,2,0.228,0.296,0.384,0.68,0.305,-0.8,-1,1.2,"CA"
"Brian Dozier",541,485,117,23,2,12,63,49,43,102,6,16,7,0.24,0.307,0.371,0.678,0.305,0.2,0.9,1.7,"MI"
"Tony Sanchez",125,114,28,7,0,2,11,15,8,23,2,1,0,0.25,0.307,0.374,0.68,0.305,-0.2,-0.1,0.6,"CA"
"Danny Valencia",164,154,39,8,1,4,17,18,8,29,0,1,1,0.255,0.293,0.395,0.688,0.305,-0.3,-2.5,0.1,"UT"
"Jeff Keppinger",93,86,23,4,0,1,9,9,5,8,1,0,0,0.268,0.312,0.369,0.68,0.305,-0.4,-0.9,0.1,"MI"
"Matt Tuiasosopo",64,57,13,2,0,2,7,7,7,18,1,0,0,0.221,0.306,0.366,0.672,0.304,-0.2,-0.2,0,"OF"
"Jordany Valdespin",32,30,8,1,0,1,3,3,2,6,0,1,1,0.256,0.298,0.385,0.683,0.304,0,0,0,"OF"
"Andrew Lambo",216,196,45,9,1,7,22,25,15,54,2,3,2,0.231,0.29,0.398,0.687,0.304,-0.1,-0.1,0.2,"OF"
"Christian Vazquez",47,42,11,2,0,1,5,5,4,7,0,1,0,0.25,0.311,0.365,0.676,0.304,0,0,0.2,"CA"
"Stephen Vogt",117,106,26,5,1,2,12,12,8,18,0,1,0,0.248,0.303,0.378,0.682,0.304,-0.2,0.1,0.5,"CA"
"Craig Gentry",310,276,70,12,2,3,33,27,24,53,6,17,6,0.255,0.327,0.345,0.672,0.304,1.1,6.4,1.8,"OF"
"Jordan Danks",89,79,18,4,0,2,9,9,9,24,1,2,1,0.231,0.311,0.361,0.672,0.304,-0.1,0.5,0.1,"OF"
"Ryan Hanigan",330,284,71,12,1,4,32,31,37,41,3,1,1,0.248,0.339,0.342,0.68,0.304,-0.8,4.9,2.1,"CA"
"Shane Peterson",32,28,7,1,0,1,3,3,3,7,0,1,0,0.235,0.318,0.353,0.671,0.304,0,0,0,"CO"
"Marcus Semien",370,329,75,15,1,10,41,37,34,73,2,8,5,0.228,0.302,0.373,0.675,0.304,-0.4,-1.1,0.7,"CO"
"Deibinson Romero",32,28,7,1,0,1,3,3,3,7,0,0,0,0.237,0.308,0.366,0.674,0.303,0,0,0.1,"CO"
"Yunel Escobar",511,457,114,19,1,8,51,45,44,67,3,5,3,0.25,0.319,0.351,0.669,0.303,-0.6,2.9,2.3,"MI"
"Mike Zunino",427,390,89,17,4,14,45,50,27,110,4,2,1,0.229,0.284,0.398,0.682,0.303,0,-0.5,1.8,"CA"
"Brian Roberts",413,366,88,18,1,7,45,36,39,69,2,10,3,0.24,0.314,0.355,0.669,0.303,-0.5,-2.4,0.6,"MI"
"Logan Forsythe",390,346,83,15,3,7,40,35,35,78,4,7,4,0.239,0.315,0.355,0.67,0.302,-0.1,-0.6,-0.1,"MI"
"A.J. Pollock",493,451,116,26,3,6,52,42,32,83,3,11,6,0.257,0.307,0.369,0.676,0.302,-0.6,6.3,1.8,"OF"
"Everth Cabrera",662,590,150,27,5,5,72,45,58,128,4,42,17,0.255,0.323,0.344,0.667,0.302,1.9,-4.8,2.5,"MI"
"Darnell McDonald",32,29,7,1,0,1,3,3,2,6,0,1,0,0.243,0.306,0.367,0.673,0.302,-0.1,-0.7,0,"OF"
"Alfonso Soriano",557,513,115,24,1,22,62,71,34,140,6,9,5,0.224,0.278,0.405,0.683,0.302,-2.3,0.2,0.1,"OF"
"Jake Elmore",32,28,7,1,0,0,3,3,3,4,0,1,1,0.251,0.325,0.337,0.662,0.301,-0.1,-0.3,0.1,"MI"
"Josh Thole",177,158,40,8,1,2,17,17,15,27,1,1,2,0.253,0.319,0.354,0.672,0.301,-1.1,-1.4,0.4,"CA"
"Andrew Susac",30,27,6,1,0,1,3,3,3,7,0,0,0,0.231,0.306,0.358,0.665,0.301,0,0,0.2,"CA"
"Kevin Pillar",124,116,30,6,1,2,13,13,5,20,1,4,2,0.259,0.295,0.38,0.676,0.301,-0.1,0.4,0.1,"OF"
"Francisco Cervelli",98,86,21,4,0,1,9,8,8,21,2,1,1,0.239,0.317,0.343,0.66,0.301,-0.1,0.8,0.4,"CA"
"J.B. Shuck",201,182,49,8,1,1,22,16,15,21,1,5,3,0.268,0.325,0.339,0.664,0.3,-0.2,-1.5,0.1,"OF"
"Mike Olt",330,292,62,12,1,12,33,35,32,93,2,2,1,0.212,0.291,0.378,0.67,0.3,-0.2,-1.1,0.6,"CO"
"Raul Ibanez",478,435,99,19,2,16,51,57,35,115,2,1,1,0.228,0.287,0.39,0.677,0.3,-2.4,-0.7,-0.5,"OF"
"Corey Brown",32,29,7,1,0,1,4,3,3,10,0,1,0,0.227,0.292,0.382,0.673,0.3,0,0,0,"OF"
"Steve Lombardozzi",304,284,77,14,1,3,31,26,14,37,2,6,3,0.272,0.309,0.362,0.671,0.3,-0.6,-0.2,0.5,NA
"Francisco Peguero",78,73,20,3,1,1,8,7,3,14,1,1,1,0.273,0.3,0.374,0.675,0.3,-0.1,-0.6,0,"OF"
"Chris Gimenez",17,15,4,1,0,0,2,2,2,3,0,0,0,0.235,0.316,0.343,0.659,0.3,0,0,0.1,"CA"
"Travis d'Arnaud",400,359,81,17,1,11,37,41,33,83,3,2,1,0.226,0.295,0.374,0.668,0.3,-0.3,0,1.9,"CA"
"Gary Sanchez",18,16,4,1,0,1,2,2,1,4,0,0,0,0.236,0.286,0.385,0.672,0.299,0,0,0.1,"CA"
"Jonathan Villar",526,475,114,21,4,10,60,45,39,134,5,35,15,0.239,0.301,0.365,0.666,0.299,1.1,-4.1,1.4,"MI"
"Kevin Frandsen",7,7,2,0,0,0,0,0,0,0,0,0,0,0.324,0.33,0.338,0.667,0.299,0,0,0,"CO"
"Juan Uribe",532,488,118,26,1,13,49,55,33,115,5,4,2,0.242,0.294,0.379,0.673,0.299,-1.2,9.7,2.6,"CO"
"Kyle Jensen",13,12,3,1,0,0,1,1,1,4,0,0,0,0.221,0.289,0.377,0.666,0.299,0,0,0,"OF"
"Logan Schafer",365,333,82,18,3,6,33,34,24,60,3,8,4,0.246,0.301,0.366,0.667,0.299,-0.2,0.7,0.3,"OF"
"Collin Cowgill",236,215,53,11,1,4,26,22,16,48,1,5,2,0.245,0.3,0.365,0.665,0.299,-0.4,0.6,0.3,"OF"
"Max Stassi",60,55,13,3,0,2,6,7,3,13,1,0,0,0.235,0.285,0.385,0.67,0.298,0,0,0.2,"CA"
"Skip Schumaker",350,315,81,16,1,3,31,28,27,56,3,3,2,0.258,0.32,0.34,0.66,0.298,-0.9,-3.3,-0.2,"OF"
"Hector Sanchez",124,114,29,8,0,2,11,14,6,24,1,1,0,0.253,0.293,0.381,0.674,0.298,-0.2,-0.6,0.5,"CA"
"Willie Bloomquist",190,175,47,8,1,1,21,15,11,27,1,4,2,0.27,0.315,0.35,0.665,0.298,-0.3,0.3,0.4,"MI"
"A.J. Pierzynski",319,301,78,15,1,7,32,36,11,48,4,1,1,0.259,0.291,0.384,0.675,0.298,-1.8,0,0.9,"CA"
"Jordy Mercer",439,399,100,21,2,7,41,41,27,71,7,5,3,0.25,0.306,0.365,0.671,0.298,-0.9,-2.8,1.2,"MI"
"Robbie Grossman",556,485,112,21,4,8,59,41,58,124,4,16,11,0.232,0.317,0.337,0.653,0.298,-0.7,-1.4,0.2,"OF"
"Jermaine Curtis",65,57,14,3,0,0,6,5,6,8,1,1,1,0.252,0.327,0.326,0.653,0.298,-0.1,0,0.2,"OF"
"Christian Colon",32,29,8,1,0,0,3,3,2,3,0,1,0,0.259,0.308,0.355,0.663,0.298,0,0,0.1,"MI"
"Gregory Polanco",98,89,22,4,0,2,9,9,6,14,1,5,3,0.249,0.3,0.364,0.664,0.298,-0.2,0,0.1,"OF"
"Brandon Crawford",525,468,113,25,2,7,47,46,47,93,4,5,2,0.242,0.313,0.351,0.664,0.297,-0.5,3.6,2.4,"MI"
"Michael Ohlman",29,26,6,1,0,0,3,3,2,6,0,0,0,0.238,0.306,0.353,0.659,0.297,0,0,0.1,"CA"
"Lyle Overbay",300,268,60,15,1,7,29,32,27,69,1,1,1,0.224,0.297,0.366,0.663,0.297,-1.3,0.1,-0.4,"CO"
"Jimmy Rollins",612,550,130,26,2,13,67,54,51,89,2,19,7,0.236,0.302,0.361,0.664,0.297,1.1,2.4,2.3,"MI"
"Cesar Hernandez",221,204,55,9,2,1,22,15,13,37,1,8,5,0.267,0.311,0.35,0.661,0.297,-0.5,0.6,0.5,"OF"
"Alexi Amarista",281,260,65,13,3,5,27,28,16,38,2,8,3,0.248,0.293,0.374,0.667,0.297,0.1,-0.7,-0.1,"OF"
"Reed Johnson",193,177,46,11,1,2,18,17,8,43,4,2,1,0.257,0.3,0.366,0.666,0.297,-0.6,-1.3,-0.1,"OF"
"Kirk Nieuwenhuis",20,18,4,1,0,1,2,2,2,5,0,0,0,0.224,0.294,0.367,0.66,0.297,0,-0.1,0,"OF"
"Juan Lagares",533,493,125,24,5,8,50,48,29,105,3,11,8,0.254,0.296,0.372,0.668,0.296,-1,11.9,2.7,"OF"
"Ramon Hernandez",12,11,3,0,0,0,1,1,1,2,0,0,0,0.245,0.299,0.366,0.665,0.296,-0.1,0.1,0,"CA"
"Zach Walters",19,18,4,1,0,1,2,2,1,5,0,0,0,0.242,0.275,0.397,0.671,0.296,0,-0.1,0.1,"MI"
"Josh Harrison",158,148,38,8,1,2,15,15,7,23,2,6,3,0.256,0.295,0.369,0.663,0.296,0,-0.4,0.4,"OF"
"John Buck",122,109,25,5,0,4,13,13,10,29,1,1,0,0.226,0.294,0.37,0.665,0.296,-0.2,-0.2,0.4,"CA"
"Jason Bartlett",262,235,58,12,1,2,30,21,20,53,3,5,3,0.248,0.313,0.338,0.651,0.296,0.1,-3.2,0.2,"MI"
"Eury Perez",52,50,14,2,0,0,5,5,2,8,1,3,1,0.278,0.305,0.356,0.662,0.296,0,0.4,0.2,"OF"
"Brett Jackson",64,57,12,2,1,2,6,6,6,20,1,2,1,0.217,0.295,0.361,0.656,0.296,-0.1,0,0.1,"OF"
"Nick Hundley",210,191,45,10,1,5,18,21,14,49,2,1,1,0.235,0.292,0.374,0.666,0.296,-0.6,0.1,0.9,"CA"
"Jarrod Dyson",187,169,43,7,2,1,21,16,15,34,1,18,6,0.253,0.316,0.338,0.654,0.295,1.4,1.9,0.7,"OF"
"J.P. Arencibia",369,341,74,16,1,15,41,45,21,99,3,2,1,0.217,0.266,0.401,0.667,0.295,-0.8,-3.4,0.6,"CA"
"J.R. Murphy",18,16,4,1,0,0,2,2,1,3,0,0,0,0.237,0.293,0.366,0.659,0.295,0,0,0.1,"CA"
"Brandon Guyer",198,181,43,8,2,4,22,20,11,35,3,5,3,0.24,0.293,0.367,0.66,0.295,0,-0.2,0.2,"OF"
"Efren Navarro",32,29,7,2,0,0,3,3,2,5,0,0,0,0.252,0.306,0.35,0.656,0.295,-0.1,0.1,0,"CO"
"Ramon Cabrera",18,16,4,1,0,0,2,2,1,2,0,0,0,0.255,0.313,0.341,0.653,0.295,0,0,0.1,"CA"
"Neftali Soto",116,108,25,5,0,4,11,13,6,26,1,1,0,0.231,0.276,0.387,0.664,0.295,-0.1,-1.2,0.1,"CO"
"Anthony Recker",163,145,32,6,0,5,16,17,14,43,1,1,1,0.218,0.289,0.367,0.656,0.295,-0.2,1,0.8,"CA"
"Peter Bourjos",451,410,96,18,5,9,44,43,28,108,7,9,4,0.235,0.292,0.364,0.656,0.294,0.8,6.5,2,"OF"
"Mark Ellis",227,206,52,9,1,3,22,18,14,36,3,2,1,0.252,0.309,0.343,0.652,0.294,-0.5,1.3,0.7,"MI"
"Moises Sierra",296,272,63,12,1,8,30,32,17,71,3,5,3,0.232,0.284,0.374,0.658,0.294,-0.8,-0.9,-0.2,"OF"
"A.J. Jimenez",29,27,7,2,0,0,3,3,1,5,0,0,0,0.252,0.293,0.363,0.656,0.293,0,0,0.1,"CA"
"Alfredo Silverio",6,6,2,0,0,0,1,1,0,1,0,0,0,0.247,0.283,0.378,0.661,0.293,0,0,0,"OF"
"Ben Revere",517,479,133,15,4,2,53,36,28,57,2,31,12,0.277,0.317,0.333,0.65,0.293,2.3,-0.7,1.2,"OF"
"Tyler Pastornicky",89,82,21,4,0,1,8,8,6,13,1,2,1,0.256,0.305,0.347,0.652,0.293,0,-0.2,-0.1,"MI"
"Aaron Hicks",469,412,92,18,4,8,46,41,47,101,2,12,8,0.224,0.303,0.345,0.648,0.293,-0.6,-1.7,0.6,"OF"
"Kevin Kiermaier",33,30,7,1,0,0,3,3,2,6,0,1,1,0.247,0.3,0.354,0.653,0.293,-0.1,0.6,0.1,"OF"
"Alex Gonzalez",204,190,47,9,2,4,21,22,9,36,1,1,1,0.244,0.282,0.377,0.659,0.293,-0.6,-0.7,0.3,"CO"
"Trayce Thompson",32,28,6,1,0,1,3,3,2,8,0,1,0,0.215,0.281,0.371,0.652,0.292,0,0,0,"OF"
"Reymond Fuentes",32,29,7,1,0,0,3,3,2,7,0,2,1,0.248,0.307,0.34,0.647,0.292,0,0,0.1,"OF"
"Cliff Pennington",186,167,40,9,1,2,17,16,15,35,1,3,3,0.242,0.307,0.341,0.648,0.292,-0.4,0,0.4,"MI"
"Jeff Kobernus",129,120,32,5,0,1,12,11,6,21,1,9,4,0.268,0.307,0.342,0.65,0.291,0.1,0,0.3,"OF"
"Addison Russell",32,29,7,1,0,1,3,3,2,7,0,1,1,0.233,0.29,0.358,0.648,0.291,0,0,0.1,"MI"
"B.J. Upton",540,482,104,24,1,14,54,51,48,164,3,18,7,0.215,0.288,0.359,0.647,0.291,0.8,-1.7,1.1,"OF"
"Chris McGuiness",32,28,6,1,0,1,3,3,3,7,0,0,0,0.219,0.298,0.345,0.643,0.291,0,0.1,0,"CO"
"Andy Parrino",63,56,13,3,0,1,6,6,5,14,1,1,0,0.235,0.306,0.341,0.647,0.291,-0.1,-0.4,0,"MI"
"Hector Gimenez",29,26,6,1,0,1,3,3,2,7,0,0,0,0.223,0.289,0.358,0.647,0.291,0,-0.1,0.1,"CA"
"Mike Aviles",207,193,47,10,0,5,22,22,9,29,1,6,2,0.242,0.279,0.373,0.652,0.291,0.2,-1.5,0.4,"CO"
"Danny Espinosa",283,256,57,14,1,7,27,27,19,77,5,5,3,0.222,0.286,0.362,0.648,0.29,-0.2,1.5,0.7,"MI"
"Justin Turner",253,232,58,13,1,3,23,21,14,41,3,2,1,0.251,0.301,0.344,0.645,0.29,-0.4,-3.7,0.2,"CO"
"Jack Hannahan",143,127,28,6,1,2,13,13,13,32,1,1,1,0.224,0.302,0.335,0.637,0.289,-0.6,0.6,0.2,"CO"
"Tommy Field",102,91,21,4,0,2,10,10,8,20,1,1,1,0.233,0.297,0.344,0.64,0.289,-0.1,-0.3,0.2,"MI"
"Jose Iglesias",61,57,15,2,0,1,6,5,3,8,1,1,1,0.26,0.303,0.339,0.642,0.289,-0.1,0.2,0.1,"MI"
"Jose Ramirez",26,24,6,1,0,0,3,2,1,3,0,1,1,0.261,0.301,0.344,0.645,0.289,-0.1,-0.2,0,"MI"
"Todd Cunningham",64,58,15,2,0,0,6,5,4,9,1,2,1,0.254,0.306,0.335,0.641,0.289,-0.1,-0.4,0,"OF"
"Dee Gordon",304,274,70,11,2,1,30,22,22,52,3,24,9,0.257,0.315,0.325,0.639,0.289,1.3,-0.4,0.8,"MI"
"Ed Lucas",7,6,2,0,0,0,1,1,0,1,0,0,0,0.245,0.297,0.346,0.643,0.289,0,-0.1,0,"CO"
"Donald Lutz",12,11,3,0,0,0,1,1,1,3,0,0,0,0.232,0.277,0.376,0.654,0.289,0,0,0,"OF"
"Brayan Pena",200,183,45,9,0,3,16,18,13,25,1,3,1,0.247,0.301,0.353,0.654,0.289,-0.9,0,0.6,"CA"
"Josh Phegley",57,53,13,2,0,1,6,6,3,10,1,1,0,0.238,0.278,0.37,0.649,0.289,0,-0.2,0.1,"CA"
"Francisco Lindor",13,11,3,1,0,0,1,1,1,2,0,0,0,0.251,0.304,0.338,0.642,0.289,0,0,0,"MI"
"Donovan Solano",222,204,52,9,1,2,20,17,12,34,2,2,1,0.256,0.303,0.338,0.642,0.288,-0.3,-1.6,0.3,"MI"
"Gregor Blanco",352,307,71,12,3,3,34,26,37,71,2,11,5,0.232,0.315,0.315,0.63,0.288,0.3,2.8,0.6,"OF"
"Austin Romine",51,46,11,2,0,1,5,5,3,10,0,1,0,0.234,0.289,0.35,0.639,0.287,0,-0.1,0.1,"CA"
"Jake Marisnick",75,70,17,3,1,1,6,7,4,16,1,2,1,0.239,0.286,0.356,0.642,0.287,0,0.3,0.1,"OF"
"Engel Beltre",90,84,21,4,1,1,9,9,4,17,1,3,2,0.25,0.291,0.352,0.642,0.287,-0.2,0.4,0.1,"OF"
"Gerald Laird",152,138,33,7,0,2,13,13,11,25,1,1,1,0.241,0.301,0.333,0.634,0.287,-0.3,1.2,0.6,"CA"
"Lane Adams",19,18,4,1,0,0,2,2,1,4,0,1,0,0.239,0.29,0.348,0.638,0.287,0,0,0,"OF"
"Ruben Tejada",526,475,119,24,1,3,46,35,38,68,5,5,3,0.25,0.31,0.323,0.633,0.286,-0.4,0.1,1.5,"MI"
"Tony Gwynn",187,165,39,6,2,1,17,13,18,34,1,6,3,0.235,0.312,0.316,0.628,0.286,0,0.3,0.3,"OF"
"Andrew Romine",415,377,95,13,3,3,41,35,29,71,3,12,6,0.251,0.307,0.325,0.632,0.286,-0.2,-2.7,0.4,"CO"
"Darwin Barney",479,437,108,21,2,5,41,38,31,55,4,4,2,0.247,0.302,0.334,0.636,0.286,1,7.9,1.5,"MI"
"Justin Bour",45,41,9,2,0,1,4,4,3,9,0,0,0,0.229,0.287,0.356,0.643,0.285,0,0,-0.1,"CO"
"Adeiny Hechavarria",574,534,136,23,5,5,50,47,29,89,2,12,7,0.255,0.293,0.345,0.638,0.285,-1.1,-3.9,0.7,"MI"
"Cameron Rupp",89,82,19,4,0,2,8,8,6,22,1,0,0,0.227,0.281,0.355,0.636,0.285,-0.1,0,0.3,"CA"
"Zack Cozart",598,557,131,28,3,13,58,54,29,105,3,3,1,0.236,0.275,0.365,0.641,0.285,0.3,4,1.7,"MI"
"Daniel Descalso",249,224,53,12,1,3,22,22,19,41,2,4,2,0.236,0.299,0.34,0.639,0.285,0.3,-2.5,0.2,"MI"
"Eugenio Suarez",32,29,7,1,0,0,3,3,2,6,0,1,1,0.238,0.292,0.339,0.632,0.284,-0.1,0,0,"MI"
"Anthony Gose",63,57,13,2,1,1,7,5,5,16,1,3,2,0.229,0.291,0.339,0.631,0.284,0.1,-0.5,0,"OF"
"Alexi Casilla",25,23,6,1,0,0,3,2,2,4,0,1,0,0.243,0.299,0.33,0.628,0.284,0,-0.3,0,"MI"
"Hak-Ju Lee",63,57,14,2,1,0,6,5,5,11,0,3,2,0.242,0.301,0.326,0.628,0.284,0,0,0.1,"MI"
"Nick Buss",13,12,3,0,0,0,1,1,1,2,0,0,0,0.237,0.285,0.349,0.634,0.284,0,-0.2,0,"OF"
"Tim Federowicz",69,62,14,3,0,1,6,6,6,17,0,0,0,0.224,0.29,0.343,0.633,0.284,-0.1,0,0.2,"CA"
"Robinson Chirinos",111,99,21,4,0,2,12,10,9,23,2,1,0,0.217,0.292,0.332,0.623,0.284,-0.2,1,0.3,"CO"
"Michael Almanzar",32,29,7,1,0,1,3,3,2,6,0,1,0,0.236,0.279,0.355,0.635,0.283,0,0,0,"CO"
"Jeff Bianchi",294,273,68,12,1,3,25,26,16,51,1,6,3,0.249,0.29,0.34,0.63,0.283,-0.1,0.7,-0.6,"CO"
"Jonathan Herrera",218,199,50,8,1,2,21,19,15,31,1,4,3,0.25,0.304,0.325,0.629,0.283,-0.7,-0.4,0,"MI"
"Greg Dobbs",250,229,56,10,1,4,21,22,15,43,2,2,1,0.244,0.295,0.343,0.637,0.283,-0.7,-0.9,-0.7,"CO"
"Ramiro Pena",245,224,54,9,1,3,21,21,16,46,2,3,2,0.239,0.293,0.332,0.625,0.283,-0.4,-1.1,-0.6,"CO"
"Cheslor Cuthbert",32,29,7,1,0,1,3,3,2,6,0,0,0,0.236,0.284,0.346,0.63,0.282,0,0,0,"CO"
"Brett Hayes",106,98,22,5,0,3,11,11,5,25,1,1,0,0.227,0.268,0.37,0.638,0.282,-0.2,0,0.2,"CA"
"Danny Santana",44,42,11,2,0,0,4,4,2,7,0,2,1,0.257,0.288,0.345,0.633,0.282,-0.1,0,0.1,NA
"Darin Mastroianni",133,119,28,5,1,1,13,10,11,29,1,6,3,0.238,0.304,0.315,0.619,0.282,0,-0.8,0,"OF"
"Quintin Berry",68,60,14,2,0,1,7,5,6,16,1,4,1,0.229,0.305,0.311,0.615,0.282,0.2,-1.2,-0.1,"OF"
"Chris Valaika",77,72,17,3,0,1,7,7,4,15,1,1,0,0.242,0.284,0.344,0.628,0.282,-0.1,-0.3,0,"MI"
"Brent Morel",13,12,3,1,0,0,1,1,1,3,0,0,0,0.234,0.288,0.336,0.624,0.281,0,0,0,"CO"
"Ryan Flaherty",284,259,57,11,1,8,28,29,18,67,3,2,1,0.219,0.274,0.357,0.63,0.281,-0.3,-0.6,0,"MI"
"Juan Perez",119,112,27,6,1,2,11,11,5,24,1,3,2,0.243,0.277,0.353,0.63,0.281,-0.3,1.3,0.3,"OF"
"Josh Wilson",227,210,51,11,1,3,21,22,12,49,2,3,2,0.243,0.285,0.342,0.627,0.281,-0.5,-1.3,-0.2,"MI"
"Jose Constanza",51,47,12,1,0,0,4,4,3,8,0,2,1,0.258,0.306,0.316,0.622,0.281,0,-0.6,0,"OF"
"Blake Lalli",11,11,3,0,0,0,1,1,1,2,0,0,0,0.238,0.286,0.343,0.629,0.281,0,0,0,"CO"
"Pedro Ciriaco",218,206,53,9,2,2,23,20,8,35,1,9,4,0.258,0.286,0.347,0.633,0.281,0.4,-2.6,-0.1,"MI"
"Eric Young",504,451,104,19,3,4,50,34,41,98,4,30,11,0.232,0.299,0.317,0.616,0.28,2.7,-0.7,0.2,"OF"
"Tyler Collins",135,122,27,6,0,3,15,13,10,25,1,2,1,0.221,0.282,0.339,0.62,0.28,-0.1,0,-0.2,"OF"
"Matt den Dekker",13,12,3,0,0,0,1,1,1,3,0,0,0,0.228,0.276,0.35,0.626,0.28,0,-0.1,0,NA
"Nick Punto",238,210,48,9,1,1,23,17,24,50,1,5,2,0.229,0.308,0.299,0.608,0.279,0.1,0,0.2,"MI"
"Alcides Escobar",561,524,131,23,4,5,56,48,25,77,4,18,7,0.251,0.288,0.336,0.624,0.279,1.8,3,1.2,"MI"
"Omar Quintanilla",189,168,39,7,1,2,16,15,16,38,1,1,1,0.229,0.298,0.323,0.621,0.279,-0.4,-1.2,0.1,"MI"
"Chris Stewart",56,51,12,2,0,1,5,5,4,8,1,1,0,0.23,0.296,0.317,0.613,0.279,-0.1,0.1,0.2,"CA"
"Bryan Holaday",161,148,35,7,1,2,16,15,9,27,2,1,1,0.236,0.283,0.338,0.62,0.279,-0.2,-0.5,0.2,"CA"
"Tony Cruz",149,136,31,7,1,2,13,13,9,26,1,1,1,0.231,0.284,0.338,0.622,0.279,-0.1,0.4,0.5,"CA"
"Jonathan Schoop",272,252,58,10,1,6,25,26,14,54,2,3,2,0.23,0.275,0.343,0.618,0.277,-0.3,-1,-0.1,"MI"
"Freddy Galvis",214,199,47,9,2,3,18,19,10,36,1,2,1,0.236,0.276,0.347,0.623,0.277,-0.4,-0.2,0.1,"MI"
"Hernan Perez",32,30,8,1,0,0,3,3,1,5,0,1,1,0.252,0.282,0.336,0.619,0.277,0,0,0,"MI"
"Billy Hamilton",568,518,122,19,4,5,55,43,40,118,2,67,29,0.236,0.292,0.318,0.61,0.277,2.5,0.8,0.7,"OF"
"Didi Gregorius",36,32,7,1,0,0,3,3,3,7,0,0,0,0.219,0.292,0.317,0.61,0.276,0,0.1,0,"MI"
"Rob Brantly",29,27,6,1,0,0,2,2,2,5,0,0,0,0.237,0.285,0.33,0.615,0.276,0,-0.2,0,"CA"
"Martin Maldonado",206,187,40,8,1,5,18,20,13,50,3,1,1,0.214,0.274,0.34,0.613,0.276,-0.4,0.8,0.5,"CA"
"John Hester",29,26,6,1,0,1,3,3,2,8,0,0,0,0.217,0.277,0.334,0.612,0.276,0,-0.1,0.1,"CA"
"Eduardo Escobar",355,328,78,14,2,4,34,30,20,69,2,7,4,0.238,0.284,0.329,0.612,0.276,-0.4,-1,0,"MI"
"Jesus Sucre",30,27,7,1,0,0,3,3,1,4,0,0,0,0.245,0.285,0.33,0.615,0.276,0,0,0.1,"CA"
"Adrian Nieto",155,140,30,6,0,3,16,14,12,32,1,2,1,0.216,0.28,0.327,0.607,0.275,-0.1,0,0.2,"CA"
"Juan Centeno",30,28,7,1,0,0,2,2,2,4,0,0,0,0.248,0.29,0.321,0.611,0.275,0,0,0.1,"CA"
"Chone Figgins",175,155,35,6,1,1,15,12,16,32,1,4,2,0.226,0.3,0.297,0.598,0.275,0,-0.8,0.1,"OF"
"Robert Andino",19,17,4,1,0,0,2,2,1,4,0,0,0,0.233,0.286,0.32,0.606,0.275,0,-0.1,0,"MI"
"Justin Sellers",13,11,2,1,0,0,1,1,1,2,0,0,0,0.22,0.285,0.322,0.607,0.274,0,-0.1,0,"MI"
"Chris Herrmann",61,55,12,2,0,1,6,5,5,13,0,1,0,0.221,0.288,0.315,0.603,0.274,-0.1,0.1,0.1,"CA"
"Alen Hanson",20,18,4,1,0,0,2,2,1,4,0,1,1,0.234,0.277,0.334,0.611,0.274,-0.1,0,0,"MI"
"Francisco Martinez",19,18,4,1,0,0,2,2,1,4,0,1,0,0.241,0.282,0.326,0.608,0.273,0,0,0,"CO"
"Phil Gosselin",6,6,1,0,0,0,1,1,0,1,0,0,0,0.24,0.287,0.319,0.606,0.273,0,0,0,"MI"
"Ryan Jackson",45,41,10,2,0,0,4,4,3,8,0,0,0,0.233,0.289,0.313,0.602,0.273,0,-0.1,0,"CO"
"Jordan Schafer",255,227,49,9,2,3,25,18,23,63,2,15,7,0.218,0.291,0.306,0.598,0.272,0.4,-0.2,-0.7,"OF"
"Wilmer Flores",56,53,12,2,0,1,5,5,2,10,0,0,0,0.23,0.266,0.345,0.611,0.272,-0.1,-0.3,0,"CO"
"Taylor Teagarden",17,16,3,1,0,0,2,2,1,5,0,0,0,0.205,0.264,0.339,0.603,0.272,0,0,0,"CA"
"Rob Johnson",29,26,6,1,0,0,2,3,2,6,0,0,0,0.216,0.279,0.324,0.603,0.272,-0.1,-0.1,0,"CA"
"Marwin Gonzalez",270,251,59,12,1,3,25,23,14,40,1,6,3,0.236,0.277,0.328,0.605,0.271,-0.6,0.2,0.2,"MI"
"Danny Worth",78,70,16,3,0,1,7,6,6,19,1,2,1,0.221,0.285,0.309,0.594,0.271,-0.2,-1.2,-0.1,"CO"
"Humberto Quintero",28,27,6,1,0,0,3,3,1,6,0,0,0,0.233,0.268,0.34,0.608,0.27,-0.1,0.1,0,"CA"
"Joaquin Arias",375,352,86,15,3,3,32,33,15,54,3,4,2,0.245,0.279,0.33,0.609,0.27,0,-1.4,-1,"CO"
"Xavier Nady",154,141,31,6,0,3,13,14,9,35,1,1,1,0.218,0.27,0.328,0.599,0.27,-0.3,-0.5,-0.5,"OF"
"Leury Garcia",88,81,20,3,1,1,10,7,4,20,1,6,2,0.243,0.283,0.315,0.598,0.27,0.4,-0.5,0,"MI"
"Jayson Nix",205,186,40,8,1,4,17,17,13,56,2,5,3,0.213,0.272,0.324,0.596,0.269,-0.5,0,0,"MI"
"John McDonald",156,145,34,6,0,2,14,13,8,26,1,1,1,0.234,0.278,0.323,0.601,0.269,-0.5,-0.4,-0.1,"MI"
"Tucker Barnhart",56,52,12,2,0,1,4,4,4,10,0,0,0,0.231,0.283,0.309,0.592,0.268,0,1.1,0.2,"UT"
"Tony Campana",87,81,19,3,1,0,8,6,5,19,0,6,2,0.239,0.288,0.301,0.589,0.267,0.3,0.4,0,"OF"
"Jhonatan Solano",12,11,3,1,0,0,1,1,1,2,0,0,0,0.231,0.27,0.327,0.597,0.267,0,0,0,"CA"
"Roger Bernadina",71,61,12,2,0,1,7,5,8,18,1,2,1,0.19,0.286,0.292,0.577,0.267,0,-0.2,-0.1,"OF"
"Matt Treanor",58,51,10,2,0,1,5,5,5,14,1,1,0,0.203,0.285,0.295,0.581,0.267,-0.3,0,0.1,NA
"Jared Mitchell",32,28,5,1,0,1,3,3,3,11,0,1,1,0.189,0.278,0.303,0.581,0.266,0,0,0,"OF"
"Jonathan Diaz",270,240,51,10,1,2,23,22,24,53,3,6,3,0.213,0.291,0.283,0.574,0.266,-0.3,0.2,0,"CO"
"Pedro Florimon",409,372,81,16,1,5,37,34,28,101,2,13,6,0.219,0.275,0.312,0.587,0.266,0.7,0.7,0.3,"MI"
"Clint Barmes",297,274,61,13,0,5,25,26,16,60,3,1,1,0.222,0.27,0.324,0.594,0.265,-0.2,1.9,0.5,"MI"
"Brendan Ryan",246,222,48,10,1,2,23,19,18,49,3,5,2,0.217,0.283,0.297,0.579,0.265,0.1,3.1,0.3,"MI"
"John Baker",229,204,42,8,1,2,19,17,20,56,3,2,1,0.208,0.285,0.29,0.575,0.264,-0.7,-1.6,0,"CA"
"Sandy Leon",170,152,32,7,0,2,14,13,14,31,1,1,0,0.211,0.282,0.294,0.577,0.263,-0.3,-0.2,0.2,"CA"
"Wilfredo Tovar",64,59,14,2,0,0,5,5,3,7,1,1,1,0.231,0.279,0.3,0.58,0.263,-0.2,0.1,0,"MI"
"Wil Nieves",120,112,26,5,0,1,9,10,5,22,1,1,0,0.233,0.27,0.318,0.588,0.262,-0.5,-0.1,0.1,"CA"
"Ramon Santiago",60,55,12,2,0,1,5,5,4,10,1,0,0,0.217,0.278,0.297,0.574,0.262,-0.1,-0.4,0,"MI"
"Ehire Adrianza",121,110,23,6,1,1,11,10,9,22,1,3,2,0.212,0.276,0.297,0.574,0.261,-0.1,0.2,0,"MI"
"Ryan Goins",336,314,71,16,1,3,30,27,16,68,1,4,3,0.226,0.265,0.316,0.581,0.261,-0.9,1.2,-0.3,"MI"
"Jose Molina",264,241,52,10,0,4,23,22,17,59,2,2,1,0.215,0.27,0.305,0.575,0.26,-1.3,1,0.3,"CA"
"Steven Lerud",18,16,3,1,0,0,1,1,2,5,0,0,0,0.197,0.275,0.288,0.562,0.258,0,0,0,"CA"
"Elliot Johnson",93,86,18,3,0,1,9,8,6,23,1,4,2,0.211,0.262,0.306,0.569,0.257,0,-0.7,-0.1,"MI"
"Audry Perez",18,17,4,1,0,0,1,2,1,3,0,0,0,0.219,0.257,0.312,0.57,0.256,0,0,0,"CA"
"Pete Kozma",32,29,6,1,0,0,2,2,2,6,0,0,0,0.215,0.272,0.299,0.57,0.256,0,0,0,"MI"
"Kristopher Negron",38,35,7,1,0,1,3,3,2,10,0,1,0,0.207,0.259,0.302,0.561,0.255,0,0,0,NA
"Carlos Corporan",69,64,13,2,0,1,6,6,3,16,1,0,0,0.207,0.255,0.315,0.57,0.255,-0.2,-0.2,0,"CA"
"Tuffy Gosewisch",91,84,18,4,0,1,7,8,4,17,1,1,0,0.209,0.252,0.315,0.567,0.255,-0.1,0,0,"CA"
"Rene Rivera",62,57,12,2,0,1,5,5,3,14,0,0,0,0.209,0.256,0.309,0.565,0.254,-0.1,0.3,0.1,"CA"
"Jeff Mathis",174,158,32,6,0,3,13,14,11,50,1,1,1,0.201,0.255,0.31,0.565,0.253,-0.5,0.5,0.1,"CA"
"Cody Clark",29,27,5,1,0,0,2,2,2,6,0,0,0,0.201,0.247,0.293,0.54,0.245,-0.1,0.1,0,"CA"
"Drew Butera",49,45,8,2,0,1,3,4,2,10,0,0,0,0.179,0.222,0.258,0.48,0.219,-0.1,0.1,-0.1,"CA"
"Ian Stewart",2,2,0,0,0,0,0,0,0,0,0,0,0,0.094,0.143,0.163,0.306,0.142,0,0,0,"CO"
"Mike Baxter",9,8,0,0,0,0,0,0,1,2,0,0,0,0.027,0.147,0.042,0.189,0.111,0,0,-0.1,"OF"
